{
  "id": "1da18d0c-ecb7-4141-8825-55046c912a33",
  "name": "r1",
  "isOverridable": true,
  "entries": [
    {
      "value": "AS Rao Nagar,Opp Sharadadevi Hospital at 8.50AM.",
      "synonyms": [
        "AS Rao Nagar",
        "A s Rao Nagar",
        "asrao",
        "asraonagar",
        "as raonagar",
        "AS rao"
      ]
    },
    {
      "value": "Nagaram,Bus Stop at 9.10AM.",
      "synonyms": [
        "Nagaram",
        "Nagaram"
      ]
    },
    {
      "value": "Sainikpuri Road Dawat Restaurant by 8.40AM.",
      "synonyms": [
        "Sainikpuri",
        "Sainicpuri",
        "sainikpur",
        "sainikpur"
      ]
    }
  ],
  "isEnum": false,
  "automatedExpansion": false
}