{
  "id": "716c0bf1-42a6-4a09-a2a9-8aea7642020e",
  "name": "r10",
  "isOverridable": true,
  "entries": [
    {
      "value": "Rajendra Nagar Bus Stop at 8.30AM.",
      "synonyms": [
        "Rajendra Nagar Bus Stop at 8.30AM.",
        "rajendra",
        "rajendranagar",
        "rajendra nagar",
        "raajandrenagar",
        "rajandra",
        "rajandra nagar",
        "rajandranagar"
      ]
    },
    {
      "value": "Katedan X road, after RTC BusStop around 8.45AM.",
      "synonyms": [
        "Katedan X road, after RTC BusStop around 8.45AM.",
        "katedan",
        "katedhan",
        "katdan",
        "katedon",
        "katedhon"
      ]
    },
    {
      "value": "Chandrayana Gutta,Below fly over LifeLine Hospital around 8.50AM.",
      "synonyms": [
        "Chandrayana Gutta,Below fly over LifeLine Hospital around 8.50AM.",
        "chandrayangutta",
        "chandrayan",
        "candrayan",
        "chandrayan gutta",
        "lifeline hospital",
        "life line",
        "life line hospital"
      ]
    },
    {
      "value": "Badangpet,Near Old Panchayat Office around 9.25AM.",
      "synonyms": [
        "Badangpet,Near Old Panchayat Office around 9.25AM.",
        "badangpet",
        "badangapeta",
        "badongpet"
      ]
    },
    {
      "value": "Aramghar X road, Bridavan Indiana Bakery around 8.40AM.",
      "synonyms": [
        "Aramghar X road, Bridavan Indiana Bakery around 8.40AM.",
        "ahramghar",
        "aramgar",
        "aramghar",
        "aramger",
        "ahramgar"
      ]
    }
  ],
  "isEnum": false,
  "automatedExpansion": false
}