{
  "id": "e1c77d25-71f0-4a82-894b-49231c1883ba",
  "name": "r11",
  "isOverridable": true,
  "entries": [
    {
      "value": "Ashok Nagar Main Road Bus Stop around 8.40AM",
      "synonyms": [
        "Ashok Nagar Main RoadBus Stop around 8.40AM",
        "ashok",
        "ASHOK NAGAR",
        "ASHOKNAGAR",
        "asok",
        "asok nagar",
        "asoknagar"
      ]
    },
    {
      "value": "Main Road Beeramguda Bus Stop between 8.25AM  to  8.30AM.",
      "synonyms": [
        "Main Road Beeramguda Bus Stop between 8.25AM  to  8.30AM.",
        "Beramguda",
        "beeramguda"
      ]
    }
  ],
  "isEnum": false,
  "automatedExpansion": false
}