{
  "id": "d301841c-54f3-4299-b205-1837686b836a",
  "name": "r12",
  "isOverridable": true,
  "entries": [
    {
      "value": "Jeedimetla, Near RTC BusStop around 8.15AM.",
      "synonyms": [
        "Jeedimetla, Near RTC BusStop around 8.15AM.",
        "jedimetla",
        "jeedimetla",
        "jedimatla",
        "jidimetla",
        "jeedimatla"
      ]
    },
    {
      "value": "IDPL Colony, Oppsite SaiBaba Temple around around 8.30AM.",
      "synonyms": [
        "IDPL Colony, Oppsite SaiBaba Temple around around 8.30AM.",
        "IDPl",
        "idplcolony",
        "idpl colony"
      ]
    },
    {
      "value": "Chintal , Near NRI College around 8.25AM.",
      "synonyms": [
        "Chintal , Near NRI College around 8.25AM.",
        "cintal",
        "chintal",
        "chinthal",
        "cinthal"
      ]
    },
    {
      "value": "Balapur X Road, Towards Moosapet Y Jn around 8.35AM.",
      "synonyms": [
        "Balapur X Road, Towards Moosapet Y Jn around 8.35AM.",
        "BalapurXroad"
      ]
    }
  ],
  "isEnum": false,
  "automatedExpansion": false
}