{
  "id": "d37341f9-922b-48fc-afbf-2da4c0858294",
  "name": "r13",
  "isOverridable": true,
  "entries": [
    {
      "value": "Suchitra X road , Near Triveni Talent School around 8.20AM.",
      "synonyms": [
        "Suchitra X road , Near Triveni Talent School around 8.20AM.",
        "suchitra",
        "sucitra",
        "suchitra",
        "triveni",
        "suchitra X road",
        "suchitra cross road"
      ]
    },
    {
      "value": "Diamond Point ,Near ICICI Bank around 8.35AM.",
      "synonyms": [
        "Diamond Point ,Near ICICI Bank around 8.35AM.",
        "diamond",
        "diamond Point",
        "diamond",
        "icici diamond"
      ]
    },
    {
      "value": "Bapuji Nagar X Road Near Indian Oil Petrol Bunk around 8.30AM.",
      "synonyms": [
        "Bapuji Nagar X Road Near Indian Oil Petrol Bunk around 8.30AM.",
        "bapuji",
        "bapuji nagar",
        "bapu g",
        "bapuji nagar Xroad",
        "bapujinagarxroad"
      ]
    }
  ],
  "isEnum": false,
  "automatedExpansion": false
}