{
  "id": "c13b1589-1265-45fe-b4ef-abc11739470e",
  "name": "r2",
  "isOverridable": true,
  "entries": [
    {
      "value": "Adibatla Village X Road between 9.45AM to 9.55AM.",
      "synonyms": [
        "Adibatla Village X Road",
        "Adibatla",
        "Adibatla Village",
        "AdibatlaVillage"
      ]
    },
    {
      "value": "Balapur X Road Near Bangalore Iyanger Bakery between 9.05AM to 9.30AM.",
      "synonyms": [
        "Balapur X Road Near Bangalore Iyanger Bakery",
        "Balapur",
        "BalapurXroad",
        "Balapur X Road",
        "Balapur Cross road",
        "balapur Road",
        "balapurroad",
        "balapur crossroad"
      ]
    },
    {
      "value": "Nadargul X Road between 9.35AM to 9.45AM.",
      "synonyms": [
        "Nadargul X Road",
        "Nadergul",
        "nadargal",
        "nadergal",
        "nadargul",
        "nadargul Cross road"
      ]
    }
  ],
  "isEnum": false,
  "automatedExpansion": false
}