{
  "id": "4e6fb9bc-9080-4367-ae4f-18cc8b84bff3",
  "name": "r20",
  "isOverridable": true,
  "entries": [
    {
      "value": "Chaderghat Bus Stop, Near Petrol Bunk between 8.35AM to  9AM.",
      "synonyms": [
        "Chaderghat Bus Stop, Near Petrol Bunk between 8.35AM to  9AM.",
        "chaderghat",
        "cadarghat",
        "chaderghat",
        "chader",
        "chadher"
      ]
    },
    {
      "value": "Malakpet Fire Station or Near Malakpet Fire Station between 8.40AM to 9.10AM.",
      "synonyms": [
        "Malakpet Fire Station or Near Malakpet Fire Station between 8.40AM to 9.10AM.",
        "malakpet",
        "malak",
        "malakapeta"
      ]
    },
    {
      "value": "IS Sadan RTC Bus Stop in between 9AM to 9.15AM.",
      "synonyms": [
        "IS Sadan RTC Bus Stop in between 9AM to 9.15AM.",
        "sonthosh",
        "santhoshnagar",
        "santhosh",
        "santoshnagar",
        "is sadan",
        "issadan"
      ]
    },
    {
      "value": "Near Koti Women\u0027s College Bus Stop , Near Temple around 8.30AM to 8.50AM.",
      "synonyms": [
        "Near Koti Women\u0027s College Bus Stop , Near Temple around 8.30AM to 8.50AM.",
        "koti",
        "kothi",
        "kotti",
        "koti",
        "womens clg",
        "women"
      ]
    }
  ],
  "isEnum": false,
  "automatedExpansion": false
}