{
  "id": "3e808d4d-f824-40a7-9cd8-055f810697b6",
  "name": "r21",
  "isOverridable": true,
  "entries": [
    {
      "value": "Chaitanyapuri , Near HP Petrol Bunk , ICICI BANK around 8.50AM to 9AM.",
      "synonyms": [
        "Chaitanyapuri , Near HP Petrol Bunk , ICICI BANK around 8.50AM to 9AM.",
        "chaitanyapuri",
        "chaitanyapur",
        "caitanya",
        "caitanyapuri"
      ]
    },
    {
      "value": "NTR Nagar Bus Stop ,Opp Brand Factory around 9AM to 9.20AM.",
      "synonyms": [
        "NTR Nagar Bus Stop ,Opp Brand Factory around 9AM to 9.20AM.",
        "ntr",
        "ntr nagar",
        "ntrnagar",
        "ntr colony",
        "ntrcolony"
      ]
    }
  ],
  "isEnum": false,
  "automatedExpansion": false
}