{
  "id": "6766e503-6f0c-42e2-862f-e75b79deda8d",
  "name": "r22",
  "isOverridable": true,
  "entries": [
    {
      "value": "Chandanagar Post Office Main Road starting from 7.45AM followed by 8.45AM",
      "synonyms": [
        "Chandanagar Post Office Main Road starting from 7.45AM followed by 8.45AM",
        "chandanagar",
        "chanda nagar",
        "cadhanagar",
        "chandhanagar",
        "chanda",
        "chandha"
      ]
    },
    {
      "value": "Gangaram Nagar Opp RS Brothers starting from 7.40AM till 8.40AM.",
      "synonyms": [
        "Gangaram Nagar Opp RS Brothers starting from 7.40AM till 8.40AM.",
        "GANGAram",
        "ganga ram",
        "gangaramnagar",
        "gangaram nagar"
      ]
    },
    {
      "value": "Opp Ratnadeep Madeenaguda starting from 7.35AM to 8.45AM.",
      "synonyms": [
        "Opp Ratnadeep Madeenaguda starting from 7.35AM to 8.45AM.",
        "madinaguda",
        "madeena",
        "madenaguda",
        "madena",
        "madena guda",
        "madeenaguda"
      ]
    }
  ],
  "isEnum": false,
  "automatedExpansion": false
}