{
  "id": "d9892e7f-4557-4987-81af-4e1ad328cc22",
  "name": "r23",
  "isOverridable": true,
  "entries": [
    {
      "value": "Chengicherla Bus Depot at 8.35AM.",
      "synonyms": [
        "Chengicherla Bus Depot at 8.35AM.",
        "changicherla",
        "chengi",
        "changi"
      ]
    },
    {
      "value": "Medipally RTC Bus Stop at 8.45AM.",
      "synonyms": [
        "Medipally RTC Bus Stop at 8.45AM.",
        "medipalli",
        "medipally",
        "madepally",
        "medepally"
      ]
    }
  ],
  "isEnum": false,
  "automatedExpansion": false
}