{
  "id": "5e354257-452a-4e59-9c1c-e91fe0e8ad70",
  "name": "r24",
  "isOverridable": true,
  "entries": [
    {
      "value": "Sitaphalmandi, Before Sitaphalmandi flyover around 8.55AM.",
      "synonyms": [
        "Sitaphalmandi, Before Sitaphalmandi flyover around 8.55AM.",
        "sitaphalmandi",
        "sitapalman",
        "sitapalmandi"
      ]
    },
    {
      "value": "Near Cafe Diamond Sea, Chilukal Guda at 8.45AM.",
      "synonyms": [
        "Near Cafe Diamond Sea, Chilukal Guda at 8.45AM.",
        "cilkalguda",
        "chilkal",
        "chilkalguda",
        "chilkal guda",
        "chikhal"
      ]
    }
  ],
  "isEnum": false,
  "automatedExpansion": false
}