{
  "id": "36cf4550-1ade-4d35-bddb-d1f027518253",
  "name": "r28",
  "isOverridable": true,
  "entries": [
    {
      "value": "Dilsukhnagar City Bus Stop, Near Temple from 8.45AM to 9AM.",
      "synonyms": [
        "Dilsukhnagar City Bus Stop, Near Temple from 8.45AM to 9AM.",
        "dilsuknagar",
        "dilsukhnagar"
      ]
    },
    {
      "value": "Kothapet,Omni Hospital around 9.10AM.",
      "synonyms": [
        "Kothapet,Omni Hospital around 9.10AM.",
        "kothapet",
        "kotapet",
        "kothapeta",
        "omni",
        "omni hospital"
      ]
    }
  ],
  "isEnum": false,
  "automatedExpansion": false
}