{
  "id": "b88a81b6-5484-41bf-989b-338c80793378",
  "name": "r29",
  "isOverridable": true,
  "entries": [
    {
      "value": "ECIL X Road,towards AS Rao Nagar by 8.30AM.",
      "synonyms": [
        "ECIL X Road,towards AS Rao Nagar by 8.30AM.",
        "ecil",
        "ecil xroads",
        "ecil x roads",
        "ecilxroads"
      ]
    },
    {
      "value": "Neredmet, near BigC Mobiles, towards Malkajgiri Road by 8.35AM.",
      "synonyms": [
        "Neredmet, near BigC Mobiles, towards Malkajgiri Road by 8.35AM.",
        "neredmet",
        "neredameta"
      ]
    },
    {
      "value": "Shafilguda Bus Stop at 8.40AM.",
      "synonyms": [
        "Shafilguda Bus Stop at 8.40AM.",
        "shafilguda",
        "shafilguda",
        "safilguda",
        "saphilguda",
        "safilgu"
      ]
    }
  ],
  "isEnum": false,
  "automatedExpansion": false
}