{
  "id": "8f1d5cf9-5aa0-4b7b-ac20-cfcbe81eaed1",
  "name": "r3",
  "isOverridable": true,
  "entries": [
    {
      "value": "Alkapuri , Swagath Grand between  9AM to 9.15AM",
      "synonyms": [
        "Alkapuri , Swagat Grand",
        "ALkapur",
        "allkapur",
        "alkapuri"
      ]
    },
    {
      "value": "Kamineni Hospital,Opp Kamineni Hospital at 9.05AM",
      "synonyms": [
        "Kamineni Hospital,Opp Kamineni Hospital at 9.05AM",
        "kameneni",
        "kamineni",
        "kaminenihospital",
        "kamineni hospital"
      ]
    }
  ],
  "isEnum": false,
  "automatedExpansion": false
}