{
  "id": "8e29b21e-5bfd-4ea6-a9cd-e6920f4d6317",
  "name": "r30",
  "isOverridable": true,
  "entries": [
    {
      "value": "SR Nagar Bus Stop, Towards kukatpally at 8.20AM.",
      "synonyms": [
        "SR Nagar Bus Stop, Towards kukatpally at 8.20AM.",
        "SR nagar",
        "sr",
        "SRnagar"
      ]
    },
    {
      "value": "ESI Bus Stop by 8.25AM.",
      "synonyms": [
        "ESI Bus Stop by 8.25AM.",
        "esi",
        "esi bus",
        "esibus"
      ]
    },
    {
      "value": "Erragadda Bus Stop Near Bharat Nagar Flyover at 8.30AM.",
      "synonyms": [
        "Erragadda Bus Stop Near Bharat Nagar Flyover at 8.30AM.",
        "erragada",
        "yeragada",
        "erragadda",
        "eragadda",
        "yerragada"
      ]
    }
  ],
  "isEnum": false,
  "automatedExpansion": false
}