{
  "id": "a9545fb8-592e-4305-a52a-3bfb2915b76e",
  "name": "r31",
  "isOverridable": true,
  "entries": [
    {
      "value": "Gachibowlli Junction, Towards ORR. You can get the first four buses around 8.10AM where as the rest around 9.10AM",
      "synonyms": [
        "Gachibowlli Junction, Towards ORR. You can get the first four buses around 8.10AM where as the rest around 9.10AM",
        "orr",
        "gachibowli",
        "gachibowlli jn"
      ]
    }
  ],
  "isEnum": false,
  "automatedExpansion": false
}