{
  "id": "f8e1fc5a-832e-44c0-ba2b-54fc26d75d8d",
  "name": "r32",
  "isOverridable": true,
  "entries": [
    {
      "value": "Panama Gowdons Bus Stop around 9.20AM.",
      "synonyms": [
        "Panama Gowdons Bus Stop around 9.20AM.",
        "panama",
        "panama cross Roads",
        "panama gowdons",
        "pannamma"
      ]
    },
    {
      "value": "Apollo Pharmacy, Near NGO\u0027s Bus Stop at 9.30AM.",
      "synonyms": [
        "Apollo Pharmacy, Near NGO\u0027s Bus Stop at 9.30AM.",
        "ngo",
        "NGOS",
        "ngo colony",
        "ngo\u0027s"
      ]
    },
    {
      "value": "Ganesh Temple Bus stop towards NGO colony at 9.25AM.",
      "synonyms": [
        "Ganesh Temple Bus stop towards NGO colony at 9.25AM.",
        "ganesh",
        "ganeshtemple",
        "ganesh temple"
      ]
    }
  ],
  "isEnum": false,
  "automatedExpansion": false
}