{
  "id": "92230fac-3e33-43d8-997b-6ed36db7f0cf",
  "name": "r33",
  "isOverridable": true,
  "entries": [
    {
      "value": "Gulmohar Park Bus stop 0pp Dominos between 8.40AM to 8.55AM.",
      "synonyms": [
        "Gulmohar Park Bus stop 0pp Dominos",
        "gulmohar",
        "galmohar",
        "golmoher",
        "golmahar park",
        "gulmore park",
        "gulmohor prk",
        "gulmohor"
      ]
    },
    {
      "value": "Opp. HCU Depot from 8.45AM to 9AM.",
      "synonyms": [
        "Opp. HCU Depot",
        "hcu"
      ]
    }
  ],
  "isEnum": false,
  "automatedExpansion": false
}