{
  "id": "8b29b1e5-225a-4aa3-937c-4a9d578a13c9",
  "name": "r35",
  "isOverridable": true,
  "entries": [
    {
      "value": "Hafeezpet Flyover Starting - Opp Indian oil petrol Pump at 7.45AM(R4) remaining buses between 8.40AM-8.55AM",
      "synonyms": [
        "Hafeezpet Flyover Starting - Opp Indian oil petrol Pump at 7.45AM \u0027R4\u0027 rest buses between 8.40AM-8.55AM",
        "hafezpeta",
        "hafegpet",
        "hafez",
        "hafezzpet",
        "hefez"
      ]
    },
    {
      "value": "RTO Office Kondapur at 7.55AM(R4) and remaining  buses between 8.45AM-9.00AM",
      "synonyms": [
        "RTO Office Kondapur at 7.55AM \u0027R4\u0027 and rest between 8.45AM-9.00AM",
        "konda",
        "kondapur",
        "kanda",
        "kondha",
        "kond"
      ]
    },
    {
      "value": "Harsha Toyota Showroom –Before Kothaguda X Roads around 8AM(R4) and Remaining buses from 9AM to 9.05AM.",
      "synonyms": [
        "Harsha Toyota Showroom –Before Kothaguda X Roads around 8AM R4 and Remaining buses from 9AM to 9.05AM.",
        "kothaguda",
        "kotaguda",
        "kotha",
        "kota",
        "kothaguda"
      ]
    }
  ],
  "isEnum": false,
  "automatedExpansion": false
}