{
  "id": "158d52b7-84fb-411a-8928-70a657f31137",
  "name": "r36",
  "isOverridable": true,
  "entries": [
    {
      "value": "Shameerpet Near ORR Entrance at 9.15AM.",
      "synonyms": [
        "Shameerpet Near ORR Entrance at 9.15AM.",
        "shamerpert",
        "shamerpet",
        "shameerpet",
        "shameer",
        "samerpet",
        "sameera"
      ]
    },
    {
      "value": "Risalabazaar Near Bollaram Tank at 9AM.",
      "synonyms": [
        "Risalabazaar Near Bollaram Tank at 9AM.",
        "Risalabazaar",
        "risal",
        "resalbazar",
        "resala",
        "risalaabazar",
        "resalabazar",
        "risalabazzar"
      ]
    },
    {
      "value": "Select Theatre, Bollaram  around 8.50AM.Carry earpods its gonna be long time...!",
      "synonyms": [
        "Select Theatre, Bollaram  around 8.50AM.Carry earpods its gonna be long time...!",
        "ballaram",
        "macha bollaram",
        "macha bolaram",
        "bollaram"
      ]
    },
    {
      "value": "Lothukunta Bus Stop around 8.40AM. Do plugin earpods.....!",
      "synonyms": [
        "Lothukunta Bus Stop around 8.40AM. Do plugin earpods.....!",
        "lothukunta",
        "lothukunta",
        "lothukuntta"
      ]
    },
    {
      "value": "Hakimpet Bus Depot around 9.05AM",
      "synonyms": [
        "Hakimpet Bus Depot around 9.05AM",
        "hakimpet",
        "hakimpeta",
        "hakiimpeta",
        "hakinpet",
        "hakims"
      ]
    }
  ],
  "isEnum": false,
  "automatedExpansion": false
}