{
  "id": "4f7ffcfa-3de5-4b8b-b5d2-5ad4a754e80b",
  "name": "r37",
  "isOverridable": true,
  "entries": [
    {
      "value": "Hasthinapur Central, After Raghavendra Tiffin\u0027s, Near Pochamma Temple ( R1 \u0026 R24 at 8.35AM) And  remaining  buses from  9.20AM to 9.35AM.",
      "synonyms": [
        "Hasthinapur Central, After Raghavendra Tiffin\u0027s, Near Pochamma Temple  R1 \u0026 R24 at 8.35AM And  remaining  buses from  9.20AM to 9.35AM.",
        "Hastinapuram",
        "hasthinapuram",
        "haastinapuram",
        "haasthi",
        "hastinapur",
        "hasthinapur"
      ]
    }
  ],
  "isEnum": false,
  "automatedExpansion": false
}