{
  "id": "bb93ff96-edc2-4450-b155-129b7c9c746e",
  "name": "r39",
  "isOverridable": true,
  "entries": [
    {
      "value": "TTD KalyanaMandapam (Near Liberty X Road, Himayat Nagar) around 8.30AM.",
      "synonyms": [
        "TTD KalyanaMandapam Near Liberty X Road, Himayat Nagar around 8.30AM.",
        "himayat nagar",
        "himayatnagar",
        "hemayat",
        "himaayat"
      ]
    },
    {
      "value": "YMCA X RoadBus Stop around 8.40AM.",
      "synonyms": [
        "YMCA X RoadBus Stop around 8.40AM.",
        "narayanaguda",
        "ymca",
        "ymca x road",
        "narrayana",
        "narayana"
      ]
    }
  ],
  "isEnum": false,
  "automatedExpansion": false
}