{
  "id": "4a4c47dc-feca-4a63-8fd0-f7d7ad4b8441",
  "name": "r42",
  "isOverridable": true,
  "entries": [
    {
      "value": "Jubilee Bus Stand (MainRoad Bus Stop) around 8.45AM(R30) Outside Jubilee Bus Stand Bus Stop around 8.40AM(R49)",
      "synonyms": [
        "Jubilee Bus Stand MainRoad Bus Stop around 8.45AMR30 Outside Jubilee Bus Stand Bus Stop around 8.40AM R49",
        "JBS",
        "jubilee bustop",
        "jublee bus stop"
      ]
    }
  ],
  "isEnum": false,
  "automatedExpansion": false
}