{
  "id": "ecfb9ce9-68ed-473e-b838-b2c908d54058",
  "name": "r43",
  "isOverridable": true,
  "entries": [
    {
      "value": "Near ICICI Bank, Opp to JNTU, towards Hi-tech City Road, Kukatpally around 7.30AM(R2) and remaining buses in between 8.30AM to 8.40AM.",
      "synonyms": [
        "Near ICICI Bank, Opp to JNTU, towards Hi-tech City Road, Kukatpally around 7.30AM R2  and remaining buses in between 8.30AM to 8.40AM.",
        "jntu",
        "jntu hyd",
        "jnt"
      ]
    }
  ],
  "isEnum": false,
  "automatedExpansion": false
}