{
  "id": "8fbe96b9-7bf4-44b3-99aa-aae48242af4f",
  "name": "r44",
  "isOverridable": true,
  "entries": [
    {
      "value": "Reliance TrendsShowroom around 8.45AM.",
      "synonyms": [
        "Reliance TrendsShowroom around 8.45AM.",
        "Jublie check post",
        "jubliehills",
        "jublie",
        "jubliee check"
      ]
    },
    {
      "value": "Jubilee Hills Peddamma Temple Bus Stop around 8.50AM.",
      "synonyms": [
        "Jubilee Hills Peddamma Temple Bus Stop around 8.50AM.",
        "pedda",
        "peddamma",
        "padaamma",
        "peddamma temple"
      ]
    },
    {
      "value": "Yousufguda Check post Bus Stop, Opp. Kotla Vijaya Bhaskar Reddy Stadium  around 8.30AM.",
      "synonyms": [
        "Yousufguda Check post Bus Stop, Opp. Kotla Vijaya Bhaskar Reddy Stadium  around 8.30AM.",
        "yusufguda",
        "yusuf",
        "yousuf",
        "yousaf",
        "yousufguda",
        "yousafguda"
      ]
    }
  ],
  "isEnum": false,
  "automatedExpansion": false
}