{
  "id": "c89242ff-98b9-4f56-a41a-d63122f2c416",
  "name": "r45",
  "isOverridable": true,
  "entries": [
    {
      "value": "Kachiguda Railway Station around 8.30AM(R31) and  Near to Police Station around 8.45AM.(R46).",
      "synonyms": [
        "Kachiguda Railway Station around 8.30AM R31 and  Near to Police Station around 8.45AM. R46.",
        "Kachiguda",
        "kaczhiguda",
        "kachiguda",
        "kaciguda"
      ]
    }
  ],
  "isEnum": false,
  "automatedExpansion": false
}