{
  "id": "a579a486-fe69-4dec-aef0-85662c6011ca",
  "name": "r46",
  "isOverridable": true,
  "entries": [
    {
      "value": "AfterRTC Bus stop around 8.35AM.",
      "synonyms": [
        "AfterRTC Bus stop around 8.35AM.",
        "kalamandhir",
        "kalamandir",
        "kphb kalamandir",
        "kalamandir jntu"
      ]
    },
    {
      "value": "AfterVivekananda Statue around 8.40AM.",
      "synonyms": [
        "AfterVivekananda Statue around 8.40AM.",
        "vivekanandanagar",
        "Viveka Nanda Nagar",
        "viveka"
      ]
    }
  ],
  "isEnum": false,
  "automatedExpansion": false
}