{
  "id": "9f0d9e59-1fa6-4ca2-bace-c6ed34781395",
  "name": "r48",
  "isOverridable": true,
  "entries": [
    {
      "value": "Opp. City Center around 8.40AM.",
      "synonyms": [
        "Opp. City Center around 8.40AM.",
        "Taj krishna hotel",
        "hotel taj krishna",
        "hoteltaj",
        "tajkrishna"
      ]
    },
    {
      "value": "Bus Stop,Near to Paradise Take Away around 8.50AM.",
      "synonyms": [
        "Bus Stop,Near to Paradise Take Away around 8.50AM.",
        "Masab tank",
        "masab",
        "maasab",
        "masub",
        "massub"
      ]
    },
    {
      "value": "PV Expressway Entrance at 9AM.",
      "synonyms": [
        "PV Expressway Entrance at 9AM.",
        "Mehdipatnam",
        "mehdpatnam",
        "mehadipatnam"
      ]
    },
    {
      "value": "HyderabadHouse around 9.30AM.",
      "synonyms": [
        "HyderabadHouse around 9.30AM.",
        "Shamshabad",
        "samshabad",
        "shamsabad"
      ]
    },
    {
      "value": "EenaduOffice Bus Stop, Khairatabad around 8.30AM.",
      "synonyms": [
        "EenaduOffice Bus Stop, Khairatabad around 8.30AM.",
        "khairatabad",
        "karatabad",
        "kairathabad",
        "kairatabad"
      ]
    }
  ],
  "isEnum": false,
  "automatedExpansion": false
}