{
  "id": "07bdea25-b832-488a-aea2-6ed30232db9c",
  "name": "r49",
  "isOverridable": true,
  "entries": [
    {
      "value": "Near Manda MallamaFunction hall, towards BalapurBus stop around 9.20AM(R41) or AT  RTC Bus Stop, Near KothakapuYadavaReddy Gardens around 9.05AM.(R43) After Bus Stop, near to KharmanghatHanuman Temple around 9.10AM(R48)",
      "synonyms": [
        "Near Manda MallamaFunction hall, towards BalapurBus stop around 9.20AM R41 or AT  RTC Bus Stop, Near KothakapuYadavaReddy Gardens around 9.05AM.R43 After Bus Stop, near to KharmanghatHanuman Temple around 9.10AMR48",
        "karmanghat",
        "kharmanghat",
        "karmangat"
      ]
    },
    {
      "value": "OwaisiHospitalX Road, towards Sagar Ring Road around 9.05AM.(R48), followed by R41 Around 9.15AM and at 9.20AM.(R46).",
      "synonyms": [
        "OwaisiHospitalX Road, towards Sagar Ring Road around 9.05AM. R48, followed by R41 Around 9.15AM and at 9.20AM.R46.",
        "owaisi",
        "owaici",
        "oysi",
        "owaisi"
      ]
    }
  ],
  "isEnum": false,
  "automatedExpansion": false
}