{
  "id": "6c9e2128-189f-44be-9e23-033a99611362",
  "name": "r51",
  "isOverridable": true,
  "entries": [
    {
      "value": "Opp.TCS Kohinoor park around 8.55AM.",
      "synonyms": [
        "Opp.TCS Kohinoor park around 8.55AM.",
        "kp",
        "kohinoor park",
        "kohinoor"
      ]
    },
    {
      "value": "Opp . Tejaswi Motors around 8.45AM.",
      "synonyms": [
        "Opp . Tejaswi Motors around 8.45AM.",
        "tejaswi motors",
        "tejaswi",
        "tejaswi motors"
      ]
    }
  ],
  "isEnum": false,
  "automatedExpansion": false
}