{
  "id": "163b4afd-0cc0-415c-abab-27c0a9ee6731",
  "name": "r52",
  "isOverridable": true,
  "entries": [
    {
      "value": "KPHB Footover Bridge around 8.45AM.",
      "synonyms": [
        "KPHB Footover Bridge around 8.45AM.",
        "kphb",
        "kphb 4th phase",
        "4th",
        "4th phase"
      ]
    },
    {
      "value": "Opp Forum Mall around 8.40AM",
      "synonyms": [
        "Opp Forum Mall around 8.40AM",
        "malayasian",
        "malayasian township",
        "forum",
        "forum mall",
        "malayasian"
      ]
    }
  ],
  "isEnum": false,
  "automatedExpansion": false
}