{
  "id": "50289f13-235f-4881-8732-b9ad803dc8cc",
  "name": "r6",
  "isOverridable": true,
  "entries": [
    {
      "value": "Shivam Temple ,Opp Shivam Temple at 8.30AM",
      "synonyms": [
        "Shivam Temple ,Opp Shivam Temple at 8.30AM",
        "sivam teample",
        "shivam",
        "shivamroad",
        "shivam road",
        "sivam road"
      ]
    },
    {
      "value": "Amberpet X road Opp Iyengar Bakery , RTC BusStop at 8.40AM",
      "synonyms": [
        "Amberpet X road Opp Iyengar Bakery , RTC BusStop at 8.40AM",
        "amberpet",
        "amber",
        "amberpeta"
      ]
    }
  ],
  "isEnum": false,
  "automatedExpansion": false
}