{
  "id": "d0b12495-c454-416e-bf89-c80c4484fcec",
  "name": "r7",
  "isOverridable": true,
  "entries": [
    {
      "value": "Ameerpet Gurgamma Temple at 8.30AM.",
      "synonyms": [
        "Ameerpet Gurgamma Temple at 8.30AM.",
        "Ammerpet",
        "ameerapet",
        "ameerpet",
        "amerpet"
      ]
    },
    {
      "value": "Green Park Hotel Bus Stop at 8.35AM.",
      "synonyms": [
        "Green Park Hotel Bus Stop at 8.35AM.",
        "Green",
        "gree",
        "greeenpark",
        "grnprk",
        "grn prk",
        "greenprk"
      ]
    }
  ],
  "isEnum": false,
  "automatedExpansion": false
}