{
  "id": "64d33e9a-a750-40f5-aaf4-1602a529ea29",
  "name": "r8",
  "isOverridable": true,
  "entries": [
    {
      "value": "Anjaiah Nagar,Opp Radission Hotel between 9AM to 9.10AM",
      "synonyms": [
        "Anjaiah Nagar,Opp Radission Hotel between 9AM to 9.10AM",
        "radison",
        "radission",
        "anjaiah",
        "Radission",
        "Hotel Radission",
        "hotel radison",
        "Hotelradison",
        "radission hotel"
      ]
    }
  ],
  "isEnum": false,
  "automatedExpansion": false
}