{
  "id": "399ddc29-25dc-44fa-ae72-93cf33601c85",
  "name": "r9",
  "isOverridable": true,
  "entries": [
    {
      "value": "Appa Jn,Opp Telangana State Police Academy at 9.25AM.",
      "synonyms": [
        "Appa Jn,Opp Telangana State Police Academy at 9.25AM.",
        "Appa",
        "appa junction",
        "appajunction",
        "policeacademy",
        "police academy",
        "State Police academy"
      ]
    },
    {
      "value": "Dargha Bus Stop By 8.40AM.",
      "synonyms": [
        "Dargha Bus Stop By 8.40AM.",
        "darga",
        "dharga",
        "dargha"
      ]
    },
    {
      "value": "Langar House Bus Stop at 9.15AM.",
      "synonyms": [
        "Langar House Bus Stop at 9.15AM.",
        "langar",
        "langer",
        "langar house",
        "langarhouse",
        "langhar",
        "langar House"
      ]
    },
    {
      "value": "Manikonda Bus Stop at 8.25AM.",
      "synonyms": [
        "Manikonda Bus Stop at 8.25AM.",
        "manikonda",
        "manikonda",
        "MANIKHONDA"
      ]
    },
    {
      "value": "Nanal Nagar,Olive Hospital, Towards Langar House around 9.05AM.",
      "synonyms": [
        "Nanal Nagar,Olive Hospital, Towards Langar House around 9.05AM.",
        "nanal",
        "nanalnagar",
        "nanal nagar",
        "Olive",
        "olive hospital"
      ]
    },
    {
      "value": "Raidurgam, Opp Police Station around 8.30AM.",
      "synonyms": [
        "Raidurgam, Opp Police Station around 8.30AM.",
        "raidurgam",
        "raigurgham",
        "raiduram PS",
        "raidurgamps"
      ]
    },
    {
      "value": "Shaikpet Bus Stop, Opp Brand Factory around 8.50AM.",
      "synonyms": [
        "Shaikpet Bus Stop, Opp Brand Factory around 8.50AM.",
        "saikpet",
        "shaikpet",
        "shaikpeta",
        "shaikpett"
      ]
    },
    {
      "value": "Opp Rumman Hotel,Tolichowki by 9AM",
      "synonyms": [
        "Opp Rumman Hotel,Tolichowki by 9AM",
        "Towlichowki",
        "tolichoki",
        "tollichowki",
        "tollichoki"
      ]
    }
  ],
  "isEnum": false,
  "automatedExpansion": false
}